[
{"type":"header","version":"4.8.2","comment":"Export to JSON plugin for PHPMyAdmin"},
{"type":"database","name":"project"},
{"type":"table","name":"tblcourses","database":"project","data":
[
{"courseID":"1","courseName":"Course 1","credits":"3","startDate":"2019-02-07","instructorID":"1"},
{"courseID":"2","courseName":"Course 2","credits":"4","startDate":"2019-02-07","instructorID":"2"},
{"courseID":"3","courseName":"Course 3","credits":"4","startDate":"2019-02-07","instructorID":"1"},
{"courseID":"4","courseName":"Course 4","credits":"3","startDate":"2019-02-07","instructorID":"1"},
{"courseID":"5","courseName":"Course 5","credits":"3","startDate":"2019-02-07","instructorID":"1"}
]
}
,{"type":"table","name":"tblinstructor","database":"project","data":
[
{"instructorID":"1","instructorName":"Mehmet Bey"},
{"instructorID":"2","instructorName":"Arzu Hanım"},
{"instructorID":"3","instructorName":"Can Bey"},
{"instructorID":"4","instructorName":"Deniz Bey"}
]
}
,{"type":"table","name":"tblregistrations","database":"project","data":
[
{"regID":"1","courseID":"1","studentID":"1","registrationDate":"2019-01-23","grade":"100"},
{"regID":"2","courseID":"5","studentID":"1","registrationDate":"2019-02-08","grade":"80"},
{"regID":"3","courseID":"1","studentID":"3","registrationDate":"2019-02-07","grade":"100"},
{"regID":"4","courseID":"4","studentID":"4","registrationDate":"2019-01-22","grade":"99"},
{"regID":"5","courseID":"2","studentID":"1","registrationDate":"2019-01-21","grade":"99"},
{"regID":"6","courseID":"5","studentID":"3","registrationDate":"2019-02-23","grade":"99"},
{"regID":"7","courseID":"3","studentID":"3","registrationDate":"2019-01-12","grade":"99"},
{"regID":"8","courseID":"3","studentID":"4","registrationDate":"2019-01-12","grade":"80"}
]
}
,{"type":"table","name":"tblstudents","database":"project","data":
[
{"studentID":"1","studentName":"Can","city":"Istanbul"},
{"studentID":"2","studentName":"Bora","city":"İstanbul"},
{"studentID":"3","studentName":"Kamil","city":"Istanbul"},
{"studentID":"4","studentName":"Deniz","city":"Istanbul"}
]
}
]
