<?xml version="1.0" encoding="utf-8"?>
<!--
- phpMyAdmin XML Dump
- version 4.8.2
- https://www.phpmyadmin.net
-
- Anamakine: localhost:3306
- Üretim Zamanı: 24 May 2019, 22:07:09
- Sunucu sürümü: 5.7.21
- PHP Sürümü: 7.2.7
-->

<pma_xml_export version="1.0" xmlns:pma="https://www.phpmyadmin.net/some_doc_url/">
    <!--
    - Structure schemas
    -->
    <pma:structure_schemas>
        <pma:database name="project" collation="utf8_general_ci" charset="utf8">
            <pma:table name="tblcourses">
                CREATE TABLE `tblcourses` (
                  `courseID` int(20) NOT NULL AUTO_INCREMENT,
                  `courseName` text NOT NULL,
                  `credits` int(4) NOT NULL,
                  `startDate` date NOT NULL,
                  `instructorID` int(20) NOT NULL,
                  PRIMARY KEY (`courseID`)
                ) ENGINE=InnoDB AUTO_INCREMENT=6 DEFAULT CHARSET=utf8;
            </pma:table>
            <pma:table name="tblinstructor">
                CREATE TABLE `tblinstructor` (
                  `instructorID` int(20) NOT NULL AUTO_INCREMENT,
                  `instructorName` text NOT NULL,
                  PRIMARY KEY (`instructorID`)
                ) ENGINE=InnoDB AUTO_INCREMENT=5 DEFAULT CHARSET=utf8;
            </pma:table>
            <pma:table name="tblregistrations">
                CREATE TABLE `tblregistrations` (
                  `regID` int(20) NOT NULL AUTO_INCREMENT,
                  `courseID` int(20) NOT NULL,
                  `studentID` int(20) NOT NULL,
                  `registrationDate` date NOT NULL,
                  `grade` decimal(10,0) NOT NULL,
                  PRIMARY KEY (`regID`)
                ) ENGINE=InnoDB AUTO_INCREMENT=9 DEFAULT CHARSET=utf8;
            </pma:table>
            <pma:table name="tblstudents">
                CREATE TABLE `tblstudents` (
                  `studentID` int(20) NOT NULL AUTO_INCREMENT,
                  `studentName` text NOT NULL,
                  `city` text NOT NULL,
                  PRIMARY KEY (`studentID`)
                ) ENGINE=InnoDB AUTO_INCREMENT=5 DEFAULT CHARSET=utf8;
            </pma:table>
        </pma:database>
    </pma:structure_schemas>

    <!--
    - Veritabanı: 'project'
    -->
    <database name="project">
        <!-- Tablo tblcourses -->
        <table name="tblcourses">
            <column name="courseID">1</column>
            <column name="courseName">Course 1</column>
            <column name="credits">3</column>
            <column name="startDate">2019-02-07</column>
            <column name="instructorID">1</column>
        </table>
        <table name="tblcourses">
            <column name="courseID">2</column>
            <column name="courseName">Course 2</column>
            <column name="credits">4</column>
            <column name="startDate">2019-02-07</column>
            <column name="instructorID">2</column>
        </table>
        <table name="tblcourses">
            <column name="courseID">3</column>
            <column name="courseName">Course 3</column>
            <column name="credits">4</column>
            <column name="startDate">2019-02-07</column>
            <column name="instructorID">1</column>
        </table>
        <table name="tblcourses">
            <column name="courseID">4</column>
            <column name="courseName">Course 4</column>
            <column name="credits">3</column>
            <column name="startDate">2019-02-07</column>
            <column name="instructorID">1</column>
        </table>
        <table name="tblcourses">
            <column name="courseID">5</column>
            <column name="courseName">Course 5</column>
            <column name="credits">3</column>
            <column name="startDate">2019-02-07</column>
            <column name="instructorID">1</column>
        </table>
        <!-- Tablo tblinstructor -->
        <table name="tblinstructor">
            <column name="instructorID">1</column>
            <column name="instructorName">Mehmet Bey</column>
        </table>
        <table name="tblinstructor">
            <column name="instructorID">2</column>
            <column name="instructorName">Arzu Hanım</column>
        </table>
        <table name="tblinstructor">
            <column name="instructorID">3</column>
            <column name="instructorName">Can Bey</column>
        </table>
        <table name="tblinstructor">
            <column name="instructorID">4</column>
            <column name="instructorName">Deniz Bey</column>
        </table>
        <!-- Tablo tblregistrations -->
        <table name="tblregistrations">
            <column name="regID">1</column>
            <column name="courseID">1</column>
            <column name="studentID">1</column>
            <column name="registrationDate">2019-01-23</column>
            <column name="grade">100</column>
        </table>
        <table name="tblregistrations">
            <column name="regID">2</column>
            <column name="courseID">5</column>
            <column name="studentID">1</column>
            <column name="registrationDate">2019-02-08</column>
            <column name="grade">80</column>
        </table>
        <table name="tblregistrations">
            <column name="regID">3</column>
            <column name="courseID">1</column>
            <column name="studentID">3</column>
            <column name="registrationDate">2019-02-07</column>
            <column name="grade">100</column>
        </table>
        <table name="tblregistrations">
            <column name="regID">4</column>
            <column name="courseID">4</column>
            <column name="studentID">4</column>
            <column name="registrationDate">2019-01-22</column>
            <column name="grade">99</column>
        </table>
        <table name="tblregistrations">
            <column name="regID">5</column>
            <column name="courseID">2</column>
            <column name="studentID">1</column>
            <column name="registrationDate">2019-01-21</column>
            <column name="grade">99</column>
        </table>
        <table name="tblregistrations">
            <column name="regID">6</column>
            <column name="courseID">5</column>
            <column name="studentID">3</column>
            <column name="registrationDate">2019-02-23</column>
            <column name="grade">99</column>
        </table>
        <table name="tblregistrations">
            <column name="regID">7</column>
            <column name="courseID">3</column>
            <column name="studentID">3</column>
            <column name="registrationDate">2019-01-12</column>
            <column name="grade">99</column>
        </table>
        <table name="tblregistrations">
            <column name="regID">8</column>
            <column name="courseID">3</column>
            <column name="studentID">4</column>
            <column name="registrationDate">2019-01-12</column>
            <column name="grade">80</column>
        </table>
        <!-- Tablo tblstudents -->
        <table name="tblstudents">
            <column name="studentID">1</column>
            <column name="studentName">Can</column>
            <column name="city">Istanbul</column>
        </table>
        <table name="tblstudents">
            <column name="studentID">2</column>
            <column name="studentName">Bora</column>
            <column name="city">İstanbul</column>
        </table>
        <table name="tblstudents">
            <column name="studentID">3</column>
            <column name="studentName">Kamil</column>
            <column name="city">Istanbul</column>
        </table>
        <table name="tblstudents">
            <column name="studentID">4</column>
            <column name="studentName">Deniz</column>
            <column name="city">Istanbul</column>
        </table>
    </database>
</pma_xml_export>